filename,origin,split,sections,words,questions
brave-tin-soldier,andersen-fairybook,train,12,1731,27
buckwheat,andersen-fairybook,train,8,674,15
flax,andersen-fairybook,train,13,1699,24
goblin-huckster,andersen-fairybook,train,11,1511,24
grandmother,andersen-fairybook,train,5,734,11
money-box,andersen-fairybook,train,7,964,19
naughty-boy,andersen-fairybook,train,7,834,15
old-street-lamp,andersen-fairybook,train,22,2800,39
puppet-show-man,andersen-fairybook,train,13,1654,24
races,andersen-fairybook,train,8,1199,16
